{"cameraMode":{"drawMode":0,"name":"Shaded","section":"Shading Mode"},"sceneLighting":false,"audioPlay":false,"sceneViewState":{"showFog":true,"showMaterialUpdate":false,"showSkybox":true,"showFlares":true,"showImageEffects":true,"showParticleSystems":true},"in2DMode":false,"pivot":{"x":137.70596313476563,"y":3.527493476867676,"z":0.0},"rotation":{"x":-0.0497574657201767,"y":-0.035350438207387927,"z":0.0017602805746719242,"w":-0.9981340765953064},"size":17.762313842773439,"orthographic":false}