{"cameraMode":{"drawMode":0,"name":"Shaded","section":"Shading Mode"},"sceneLighting":false,"audioPlay":false,"sceneViewState":{"showFog":true,"showMaterialUpdate":false,"showSkybox":true,"showFlares":true,"showImageEffects":true,"showParticleSystems":true},"in2DMode":false,"pivot":{"x":818.2378540039063,"y":16.174772262573243,"z":0.05000000074505806},"rotation":{"x":-0.00480892788618803,"y":-0.012901544570922852,"z":0.00006025551920174621,"w":-0.9999052882194519},"size":137.87710571289063,"orthographic":false}