{"cameraMode":{"drawMode":0,"name":"Shaded","section":"Shading Mode"},"sceneLighting":false,"audioPlay":false,"sceneViewState":{"showFog":true,"showMaterialUpdate":false,"showSkybox":true,"showFlares":true,"showImageEffects":true,"showParticleSystems":true},"in2DMode":false,"pivot":{"x":-12.225473403930664,"y":-7.105616569519043,"z":90.0},"rotation":{"x":-0.00480892788618803,"y":-0.012901544570922852,"z":0.00006025551920174621,"w":-0.9999052882194519},"size":143.12826538085938,"orthographic":false}