{"cameraMode":{"drawMode":0,"name":"Shaded","section":"Shading Mode"},"sceneLighting":false,"audioPlay":false,"sceneViewState":{"showFog":true,"showMaterialUpdate":false,"showSkybox":true,"showFlares":true,"showImageEffects":true,"showParticleSystems":true},"in2DMode":false,"pivot":{"x":858.7914428710938,"y":13.643295288085938,"z":0.5060315132141113},"rotation":{"x":-0.00480892788618803,"y":-0.012901544570922852,"z":0.00006025551920174621,"w":-0.9999052882194519},"size":86.84712982177735,"orthographic":false}