{"cameraMode":{"drawMode":0,"name":"Shaded","section":"Shading Mode"},"sceneLighting":false,"audioPlay":false,"sceneViewState":{"showFog":true,"showMaterialUpdate":false,"showSkybox":true,"showFlares":true,"showImageEffects":true,"showParticleSystems":true},"in2DMode":false,"pivot":{"x":-0.648503303527832,"y":3.4013195037841799,"z":72.22486114501953},"rotation":{"x":-0.00480892788618803,"y":-0.012901544570922852,"z":0.00006025551920174621,"w":-0.9999052882194519},"size":44.35052490234375,"orthographic":false}